{
  "CLAUDE.md": 1777499587.9049428,
  "CODEMAP_TSC_Admin_v1_9.md": 1777248661.3205879,
  "npx serve CUsersAdministratorDownlo.txt": 1777424628.0097983,
  "TSC_Admin_v1_91.html": 1777424473.5603
}